id,is_seed,user_id,profile_collected,has_historical,friends_collected,followers_collected,collection,is_suspended,tweets_collected,updated_at,time_zone,description,profile_sidebar_fill_color,profile_text_color,followers_count,location,default_profile_image,listed_count,utc_offset,statuses_count,profile_background_color,friends_count,profile_link_color,profile_image_url,verified,geo_enabled,profile_banner_url,profile_background_image_url,screen_name,lang,profile_background_tile,favourites_count,name,url,created_at,contributors_enabled,protected,default_profile
1,1,406686963,1,1,0,0,tx_secession,0,1,2017-09-29 19:11:08.038438,Eastern Time (US & Canada),"Healthy, wealthy and wise. Well, two out of three ain't all that bad.",DDEEF6,333333,17,"Richardson, TX",0,1,-14400.0,978,C0DEED,185,1DA1F2,http://pbs.twimg.com/profile_images/2292316483/image_normal.jpg,0,1,https://pbs.twimg.com/profile_banners/406686963/1360272565,http://abs.twimg.com/images/themes/theme1/bg.png,billyptx,en,0,262,Bill Johnson,,Mon Nov 07 01:57:42 +0000 2011,0,0,1
2,1,819371331024142336,1,1,0,0,tx_secession,0,1,2017-09-29 19:11:10.457424,Pacific Time (US & Canada),"Christian, Vet, Husband, Dad, Pro Military, Police, Israel & secession. It's not hate because you defend or protect. @NRA @COSProject",DDEEF6,333333,311,,0,0,-25200.0,2669,F5F8FA,484,1DA1F2,http://pbs.twimg.com/profile_images/836759051157422080/G7BuvVpz_normal.jpg,0,0,https://pbs.twimg.com/profile_banners/819371331024142336/1486311918,,NoH3Oppress,en,0,2811,J D,,Thu Jan 12 02:32:03 +0000 2017,0,0,1
3,1,760249850562740224,1,1,0,0,tx_secession,0,1,2017-09-29 19:11:12.777507,Pacific Time (US & Canada),"Donate if you can, help when you can and pray as if your life depends on it. An awesome city has drowned!",000000,000000,356,"Houston, TX",0,18,-25200.0,24779,000000,620,1B95E0,http://pbs.twimg.com/profile_images/901961959456759810/LZd_4t-3_normal.jpg,0,0,https://pbs.twimg.com/profile_banners/760249850562740224/1503984250,http://abs.twimg.com/images/themes/theme1/bg.png,ThumpForTrump,en,0,3047,ThumpForTrump,,Mon Aug 01 23:04:23 +0000 2016,0,0,0
4,1,315436946,1,1,0,0,tx_secession,0,1,2017-09-29 19:11:15.274842,Central Time (US & Canada),US NAVY Veteran @dalenekurtis is my DreamGirl. Cruz Conservative. .:R32 Owner. Surf Photographer. Destroy #Antifa #AltRight #BLM #CNN #MSM #ImWithAlejandro,EFEFEF,333333,829,"Kill Devil Hills, NC",0,69,-18000.0,66433,2DB4F7,484,1B95E0,http://pbs.twimg.com/profile_images/912012335744724992/h_TRGVRy_normal.jpg,0,1,https://pbs.twimg.com/profile_banners/315436946/1506462775,http://pbs.twimg.com/profile_background_images/378800000003799665/0d334a650173814b1bec49d44a29e3bf.jpeg,Spicoli1981,en,0,21769,Christopher Lee üá∫üá∏,,Sat Jun 11 21:34:13 +0000 2011,0,0,0
5,1,1932725256,1,1,0,0,tx_secession,0,1,2017-09-29 19:11:17.825016,,I will not deny a person who comes to my nation seeking safety and a better life the protections of the Constitution which I and my brothers stood  in front of,DAECF4,663B12,858,"Carta Valley, Tx",0,67,,102463,C6E2EE,255,1F98C7,http://pbs.twimg.com/profile_images/378800000623492386/930090d2cdbf81b019015a061f5b59d7_normal.png,0,1,https://pbs.twimg.com/profile_banners/1932725256/1400622277,http://abs.twimg.com/images/themes/theme2/bg.gif,Tea4gunsSC,en,0,11486,Lance C. Cross,,Fri Oct 04 02:22:20 +0000 2013,0,0,0
6,1,17997831,1,1,0,0,tx_secession,0,1,2017-09-29 19:11:53.151769,Central Time (US & Canada),Blogger. Writer @NOQReport. Speechwriter. Christian Reformist. Cultural evangelist. DP enthusiast. Exotic animal trainer. Matthew 6:33. #JesusIsLord,EFEFEF,333333,2066,On Christ's side of history.,0,98,-18000.0,108466,022330,3765,6E0211,http://pbs.twimg.com/profile_images/889592669286129666/MnFa9kJw_normal.jpg,0,1,https://pbs.twimg.com/profile_banners/17997831/1505751767,http://abs.twimg.com/images/themes/theme14/bg.gif,TreyMays,en,1,471,Trey Mays ŸÜ,https://t.co/O1UaL7vpxs,Tue Dec 09 18:24:24 +0000 2008,0,0,0
7,1,819471306475257856,1,1,0,0,tx_secession,0,1,2017-09-29 19:12:57.319753,,Unfucking the world one ignoranus at a time!,DDEEF6,333333,33,,0,0,,2345,F5F8FA,17,1DA1F2,http://pbs.twimg.com/profile_images/825894707515363328/HucsyJCa_normal.jpg,0,0,https://pbs.twimg.com/profile_banners/819471306475257856/1484834718,,KKTC8,en,0,1949,Kƒ±brƒ±sT√ºrkCumhuriyet,,Thu Jan 12 09:09:19 +0000 2017,0,0,1
8,1,63537897,1,1,0,0,tx_secession,0,1,2017-09-29 19:13:01.593062,Central Time (US & Canada),,DDEEF6,333333,2,,1,0,-18000.0,117,C0DEED,7,1DA1F2,http://abs.twimg.com/sticky/default_profile_images/default_profile_normal.png,0,0,,http://abs.twimg.com/images/themes/theme1/bg.png,Deb08stev,en,0,84,Debra Stevens,,Thu Aug 06 20:51:03 +0000 2009,0,0,1
9,1,865257985831952384,1,1,0,0,tx_secession,0,1,2017-09-29 19:13:07.149463,,,DDEEF6,333333,210,,0,19,,5575,F5F8FA,544,1DA1F2,http://pbs.twimg.com/profile_images/865941330593103878/cipeJ9om_normal.jpg,0,0,https://pbs.twimg.com/profile_banners/865257985831952384/1495128921,,Djwiseass,en,0,10051,DJSmarta$$,,Thu May 18 17:29:14 +0000 2017,0,0,1
10,1,117015667,1,1,0,0,tx_secession,0,1,2017-09-29 19:13:16.487312,,,DDEEF6,333333,59,"Joshua,Texas",0,2,,1318,C0DEED,318,1DA1F2,http://pbs.twimg.com/profile_images/872624584843026433/Uorg2jH3_normal.jpg,0,0,,http://abs.twimg.com/images/themes/theme1/bg.png,CaptnGhost8788,en,0,1742,Tracy Harrison,,Wed Feb 24 08:07:36 +0000 2010,0,0,1
11,1,893600899758731264,1,1,0,0,tx_secession,0,1,2017-09-29 19:13:20.929161,,"Jesus-serving, liberty-driven, 5th-generation Texan. President & CEO https://t.co/SvBcVLZ7et. Pro Texas independence. Insane F1 fan. Tweets are my own.",DDEEF6,333333,60,"Houston, TX",0,0,,154,F5F8FA,70,1DA1F2,http://pbs.twimg.com/profile_images/893604243634102272/QFIsPD1u_normal.jpg,0,0,https://pbs.twimg.com/profile_banners/893600899758731264/1503327671,,ApostleClaver,en,0,24,Claver Kamau-Imani,,Fri Aug 04 22:33:51 +0000 2017,0,0,1
12,1,864662709278846976,1,1,0,0,tx_secession,0,1,2017-09-29 19:13:26.301237,,,DDEEF6,333333,111,,0,0,,2457,F5F8FA,345,1DA1F2,http://pbs.twimg.com/profile_images/899556265000652800/YEGP1E5H_normal.jpg,0,0,https://pbs.twimg.com/profile_banners/864662709278846976/1503619813,,ausasum,en,0,10817,John Strong,,Wed May 17 02:03:49 +0000 2017,0,0,1
13,1,487643666,1,1,0,0,tx_secession,0,1,2017-09-29 19:13:31.185929,Central Time (US & Canada),"Christian, Wife, Mother, Grandmother, NRA, Texas, Constitution, #BuildtheWall, Trump, #MAGA",DDEEF6,333333,216,,0,2,-18000.0,4494,C0DEED,308,0084B4,http://pbs.twimg.com/profile_images/724298579943116800/jDDca2Qq_normal.jpg,0,0,,http://pbs.twimg.com/profile_background_images/420512239/texasbackground.gif,just_the_pope,en,1,4262,Pope-Jackson,,Thu Feb 09 15:52:19 +0000 2012,0,0,0
14,1,633322699,1,1,0,0,tx_secession,0,1,2017-09-29 19:13:36.066157,,,DDEEF6,333333,26,,0,0,,464,C0DEED,139,1DA1F2,http://pbs.twimg.com/profile_images/900345349759488000/gR15NK0A_normal.jpg,0,0,,http://abs.twimg.com/images/themes/theme1/bg.png,SFowler59,en,0,1186,Sharon Fowler,,Thu Jul 12 00:08:33 +0000 2012,0,0,1
15,1,735288343282356224,1,1,0,0,tx_secession,0,1,2017-09-29 19:13:41.103342,,"Texas views and attitude. Love it or move along.
Started on Facebook on August 31, 2014 & joined Twitter May 2016.",DDEEF6,333333,123,Texas,0,4,,1960,F5F8FA,41,1DA1F2,http://pbs.twimg.com/profile_images/735315742443380736/-ys9rEOv_normal.jpg,0,0,https://pbs.twimg.com/profile_banners/735288343282356224/1464147991,,LoneStrStatment,en,0,1307,Lone Star Statement,,Wed May 25 01:56:16 +0000 2016,0,0,1
16,1,197986407,1,1,0,0,tx_secession,0,1,2017-09-29 19:14:04.972229,,I just can not decide...which one of you is gonna dance with death tonight...,DDEEF6,333333,89,The Filthy South,0,0,,1403,C0DEED,213,1DA1F2,http://pbs.twimg.com/profile_images/906313668618444800/5aPXWfCU_normal.jpg,0,0,https://pbs.twimg.com/profile_banners/197986407/1504998555,http://abs.twimg.com/images/themes/theme1/bg.png,youdumbfucks,en,0,414,Lynch King Dread,,Sun Oct 03 01:16:06 +0000 2010,0,0,1
17,1,3519938720,1,1,0,0,tx_secession,0,1,2017-09-29 19:14:12.280096,Pacific Time (US & Canada),"Volvo nationalist. Published. Bee farmer. The Republic is dead, now we seek to form that which comes next.",000000,000000,658,"41.9022¬∞ N, 12.4539¬∞ E",0,27,-25200.0,12084,000000,1103,114488,http://pbs.twimg.com/profile_images/850700313900331009/T0rxYETT_normal.jpg,0,1,https://pbs.twimg.com/profile_banners/3519938720/1503702012,http://abs.twimg.com/images/themes/theme1/bg.png,VolvovonTrapp,en,0,6981,Volvo von Trapp,https://t.co/jb3Msv6fXH,Thu Sep 10 22:12:47 +0000 2015,0,0,0
18,1,844259514484322304,1,1,0,0,tx_secession,0,1,2017-09-29 19:14:18.853037,,Constitutionalist - rational thinker when emotions aren't involved. Despises obnoxious pretentiousness espoused by talking heads from any side of the aisle.,DDEEF6,333333,15,Florida,0,0,,231,F5F8FA,83,1DA1F2,http://pbs.twimg.com/profile_images/893300552322486273/QlyNZsqh_normal.jpg,0,0,https://pbs.twimg.com/profile_banners/844259514484322304/1501890855,,waywardSlip,en,0,286,Slip,,Tue Mar 21 18:48:48 +0000 2017,0,0,1
19,1,872535454738001922,1,1,0,0,tx_secession,0,1,2017-09-29 19:14:41.660559,,"Retired Scientist, FFL, Landlord, Father, grandfather, Married 41+ yrs, Mini-Aussie owner, cat slave, LTC/NRA Handgun instructor, Scotch-Irish Anglo American",DDEEF6,333333,85,"Sweeny, TX",0,0,,1023,F5F8FA,114,1DA1F2,http://pbs.twimg.com/profile_images/906149130170400768/NZZm84uR_normal.jpg,0,1,,,RobertStephenI4,en,0,2478,Robert Stephen Irwin,https://t.co/LXtG7D0BIq,Wed Jun 07 19:27:18 +0000 2017,0,0,1
20,1,19035268,1,1,0,0,tx_secession,0,1,2017-09-29 19:14:48.800477,Central Time (US & Canada),,DDFFCC,333333,65,"frisco, tx",0,0,-18000.0,283,9AE4E8,285,0084B4,http://pbs.twimg.com/profile_images/541616453171294208/ZdIO9SkD_normal.jpeg,0,0,,http://pbs.twimg.com/profile_background_images/3920452/Sunset.jpg,A_Christian,en,1,168,Andrew C,,Thu Jan 15 19:39:21 +0000 2009,0,0,0
21,1,3245952264,1,1,0,0,tx_secession,0,1,2017-09-29 19:14:53.486579,,i don't like talking about me,DDEEF6,333333,1098,TEXAS,0,25,,11429,C0DEED,1154,1DA1F2,http://pbs.twimg.com/profile_images/610641292175912960/KMT3Xw3i_normal.jpg,0,1,https://pbs.twimg.com/profile_banners/3245952264/1443188702,http://abs.twimg.com/images/themes/theme1/bg.png,DorineSez,en,0,4245,Dorine Mcdow,,Mon Jun 15 12:59:33 +0000 2015,0,0,1
22,1,225925416,1,1,0,0,tx_secession,0,1,2017-09-29 19:14:58.054763,Central Time (US & Canada),"A servent of Jesus Christ, descendant from citizens of Republic of Texas. Restore constitutional republic or it is time to Seceed from USSA. God Bless Texas.",DDEEF6,333333,326,"Pflugerville, Texas",0,4,-18000.0,2569,C0DEED,605,1DA1F2,http://pbs.twimg.com/profile_images/1217841592/PaulBaker_normal.jpg,0,1,,http://abs.twimg.com/images/themes/theme1/bg.png,PBakerTX,en,0,311,Paul Baker,,Sun Dec 12 20:46:39 +0000 2010,0,0,1
23,1,2552040180,1,1,0,0,tx_secession,0,1,2017-09-29 19:15:10.526498,Central Time (US & Canada),A family centered self reliant Texas Native who believes that the Feds should be removed from Texas. Supports #Texit,C0DFEC,333333,25,Republic of Texas,0,0,-18000.0,744,022330,90,0084B4,http://pbs.twimg.com/profile_images/475208110584242176/yKbCb1JD_normal.jpeg,0,1,,http://abs.twimg.com/images/themes/theme15/bg.png,frommekn,en,0,50,Eartick,,Sat Jun 07 08:17:05 +0000 2014,0,0,0
24,1,155338534,1,1,0,0,tx_secession,0,1,2017-09-29 19:15:13.745439,,,DDEEF6,333333,7,"Hays, TX",0,0,,83,C0DEED,80,1DA1F2,http://pbs.twimg.com/profile_images/797090624327581700/9dECVaEw_normal.jpg,0,1,,http://abs.twimg.com/images/themes/theme1/bg.png,megloff,en,0,44,Michael Egloff,,Sun Jun 13 21:33:42 +0000 2010,0,0,1
25,1,2353766390,1,1,0,0,tx_secession,0,1,2017-09-29 19:15:24.600904,Central Time (US & Canada),"#Bible-#truth seeker.#ISRAEL.#TEXIT. #TorahObserver.#USMC. Fmr LEO. #2ndExodus. For follows, C my pinned tweet. Profan/y may get you unfol'd. BOTS seldom fol'd.",000000,000000,357,"Eastland Co., Texas",0,29,-18000.0,15357,1A1B1F,258,7000FF,http://pbs.twimg.com/profile_images/876097507540914176/FBEdomGt_normal.jpg,0,0,https://pbs.twimg.com/profile_banners/2353766390/1403403109,http://abs.twimg.com/images/themes/theme9/bg.gif,RadarRecon27,en,0,2185,StillLearning-HNPV,https://t.co/B87TmxXWPB,Thu Feb 20 20:42:56 +0000 2014,0,0,0
26,1,59853641,1,1,0,0,tx_secession,0,1,2017-09-29 19:15:34.433855,,"Roman Catholic, United States Marines Vietnam 1st Marine Division 1968-69 served with ROK Marines. Warriors!!",DDEEF6,333333,99,"Berkeley, MO",0,0,,477,C0DEED,499,1DA1F2,http://pbs.twimg.com/profile_images/727901093296902144/_wbbNBPq_normal.jpg,0,1,https://pbs.twimg.com/profile_banners/59853641/1493308007,http://abs.twimg.com/images/themes/theme1/bg.png,PatrickFogerty,en,0,6683,Patrick Fogerty USMC,,Fri Jul 24 18:40:38 +0000 2009,0,0,1
27,1,753329435252707328,1,1,0,0,tx_secession,0,1,2017-09-29 19:15:58.595602,Central Time (US & Canada),Official Twitter account for the main office of the Texas Nationalist Movement. https://t.co/G3udp2d2Hj,DDEEF6,333333,249,,0,3,-18000.0,1280,F5F8FA,289,1DA1F2,http://pbs.twimg.com/profile_images/753331119479590912/Rd6htQRz_normal.jpg,0,0,https://pbs.twimg.com/profile_banners/753329435252707328/1468443300,,tnmhq,en,0,0,TNM - HQ,,Wed Jul 13 20:45:08 +0000 2016,0,0,1
28,1,996006768,1,1,0,0,tx_secession,0,1,2017-09-29 19:16:07.092921,Pacific Time (US & Canada),Flawed Christian * Husband * Texas Independence * Jesus loves you no matter what you've done * Pro-Israel * #TNM * #SCV * #TexasStrong,DDEEF6,333333,2101,DFW * North Texas ,0,71,-25200.0,26644,C0DEED,2340,1DA1F2,http://pbs.twimg.com/profile_images/675979495292170240/qGy-QnsS_normal.jpg,0,1,https://pbs.twimg.com/profile_banners/996006768/1467438384,http://abs.twimg.com/images/themes/theme1/bg.png,RogerJordan12,en,0,12165,The Texas Republic,https://t.co/hP7fbnFqac,Fri Dec 07 22:44:58 +0000 2012,0,0,1
29,1,735645094053707776,1,1,0,0,tx_secession,0,1,2017-09-29 19:16:11.950512,,Freelance professional photographer,DDEEF6,333333,15,"Seguin, TX",0,1,,183,F5F8FA,41,1DA1F2,http://pbs.twimg.com/profile_images/768176241123876864/b7mGZ9LN_normal.jpg,0,1,https://pbs.twimg.com/profile_banners/735645094053707776/1473712241,,DaveNewellphoto,en,0,570,Dave Newell,,Thu May 26 01:33:52 +0000 2016,0,0,1
30,1,785320325160370176,1,1,0,0,tx_secession,0,1,2017-09-29 19:16:20.590006,,,DDEEF6,333333,125,"Texas, USA",0,1,,6095,F5F8FA,256,1DA1F2,http://pbs.twimg.com/profile_images/789164560703815680/_Cx_RZEI_normal.jpg,0,0,,,brianwest210,en,0,7477,Sieg Dreifaltikeit,,Mon Oct 10 03:25:30 +0000 2016,0,0,1
31,1,19094006,1,1,0,0,tx_secession,0,1,2017-09-29 19:16:37.285987,Seoul,"Threema: 676NY37V 
I declare myself a bias libertarian Journalist",C0DFEC,333333,7493,Asia,0,540,32400.0,257256,022330,8289,4A913C,http://pbs.twimg.com/profile_images/902360190737162240/INYTVivj_normal.jpg,0,1,https://pbs.twimg.com/profile_banners/19094006/1449975846,http://pbs.twimg.com/profile_background_images/120993663/NewTweetCloud.PNG,EconomicMayhem,en,1,7381,Economic Mayhem,https://t.co/rCzSZ7gbrJ,Sat Jan 17 00:18:30 +0000 2009,0,0,0
32,1,478301461,1,1,0,0,tx_secession,0,1,2017-09-29 19:16:39.920732,,,DDEEF6,333333,3,,1,0,,1,C0DEED,8,1DA1F2,http://abs.twimg.com/sticky/default_profile_images/default_profile_normal.png,0,0,,http://abs.twimg.com/images/themes/theme1/bg.png,gundyjim,en,0,0,Jim Gunderson,,Mon Jan 30 04:03:03 +0000 2012,0,0,1
33,1,2958943328,1,1,0,0,tx_secession,0,1,2017-09-29 19:17:04.401254,,"@TedCruz is my guy. I will support Trump and his quest to #MAGA Pro Gun, Liberty, Pro Military.",DDEEF6,333333,2783,,0,84,,93485,C0DEED,2550,1DA1F2,http://pbs.twimg.com/profile_images/903048021214158848/F6zPn5sQ_normal.jpg,0,0,https://pbs.twimg.com/profile_banners/2958943328/1494894594,http://abs.twimg.com/images/themes/theme1/bg.png,EternaFreeda,en,0,85500,Freeda‚Ñ¢,,Sun Jan 04 23:30:01 +0000 2015,0,0,1
34,1,4315370414,1,1,0,0,tx_secession,0,1,2017-09-29 19:17:13.457512,,"Opinion, journalism, pop-culture, political advocacy. Pro conservative/libertarian. Texas independence to preserve US founding principles. Husband, father.",DDEEF6,333333,629,Independent Republic of Texas,0,22,,15925,C0DEED,867,1DA1F2,http://pbs.twimg.com/profile_images/815710128259366912/PsF6DfFx_normal.jpg,0,1,https://pbs.twimg.com/profile_banners/4315370414/1483670555,http://abs.twimg.com/images/themes/theme1/bg.png,thunderstruckcp,en,0,9173,ThunderStruck,https://t.co/xuvDNjAoUK,Sat Nov 21 20:00:07 +0000 2015,0,0,1
35,1,2911587582,1,1,0,0,tx_secession,0,1,2017-09-29 19:17:18.259966,,,DDEEF6,333333,532,,0,42,,33583,C0DEED,1135,1DA1F2,http://pbs.twimg.com/profile_images/758059356176850944/kXubNmqK_normal.jpg,0,0,https://pbs.twimg.com/profile_banners/2911587582/1469565694,http://abs.twimg.com/images/themes/theme1/bg.png,Sweeps2032,en,0,14767,Hope2017,,Thu Nov 27 07:10:47 +0000 2014,0,0,1
36,1,830952732731138048,1,1,0,0,tx_secession,0,1,2017-09-29 19:18:02.943288,,,DDEEF6,333333,12,"Idaho, USA",0,0,,2313,F5F8FA,31,1DA1F2,http://pbs.twimg.com/profile_images/832752471344705537/dtqd6zwZ_normal.jpg,0,0,,,Richard22676767,en,0,91,ricardocda,,Mon Feb 13 01:32:24 +0000 2017,0,0,1
37,1,705852984022859777,1,1,0,0,tx_secession,0,1,2017-09-29 19:18:20.781187,,,DDEEF6,333333,66,,0,5,,1448,F5F8FA,38,1DA1F2,http://pbs.twimg.com/profile_images/872013694766637056/YL0LH6HS_normal.jpg,0,0,https://pbs.twimg.com/profile_banners/705852984022859777/1504062766,,HotTXRT,en,0,546,Native Texan,,Fri Mar 04 20:30:40 +0000 2016,0,0,1
38,1,763911555817742336,1,1,0,0,tx_secession,0,1,2017-09-29 19:18:33.875863,,Just the facts,DDEEF6,333333,2857,,0,14,,36182,F5F8FA,4982,1DA1F2,http://pbs.twimg.com/profile_images/831667177191309312/vh_1eqQc_normal.jpg,0,1,,,Truth_Opotomous,en,0,12612,PVT Server Covfefe,,Fri Aug 12 01:34:42 +0000 2016,0,0,1
39,1,2875750924,1,1,0,0,tx_secession,0,1,2017-09-29 19:18:41.212335,Pacific Time (US & Canada),,DDEEF6,333333,229,,0,3,-25200.0,1592,C0DEED,204,1DA1F2,http://pbs.twimg.com/profile_images/747187442935959552/NcPN0O71_normal.jpg,0,0,https://pbs.twimg.com/profile_banners/2875750924/1466978288,http://abs.twimg.com/images/themes/theme1/bg.png,DonTeer_1836,en,0,1143,Don Teer,,Thu Nov 13 22:14:37 +0000 2014,0,0,1
40,1,855255935232737280,1,1,0,0,tx_secession,0,1,2017-09-29 19:18:43.777462,,It's our job to protect the world üåé,DDEEF6,333333,1,,0,0,,12,F5F8FA,53,1DA1F2,http://pbs.twimg.com/profile_images/855260480469962752/MN9BEoM1_normal.jpg,0,0,,,worldcompromise,en,0,15,World Prosperity,,Fri Apr 21 03:04:39 +0000 2017,0,0,1
41,1,774744301003603968,1,1,0,0,tx_secession,0,1,2017-09-29 19:18:58.034434,,Representing the Young People in support of Texas Independence,000000,000000,179,"Rio Hondo, TX",0,1,,604,000000,158,000088,http://pbs.twimg.com/profile_images/774761220410712064/sq2MfdYo_normal.jpg,0,0,https://pbs.twimg.com/profile_banners/774744301003603968/1473552650,http://abs.twimg.com/images/themes/theme1/bg.png,Younguns4Texit,en,0,194,Young People 4 Texit,https://t.co/pegF6X33jO,Sat Sep 10 23:00:10 +0000 2016,0,0,0
42,1,23374004,1,1,0,0,tx_secession,0,1,2017-09-29 19:19:02.362716,Central Time (US & Canada),"""God will send you a real man if you just stop hoeing and wait on him."" *tweets do not reflect employer.* üáµüá¶",7AC3EE,A34D4D,1047,"Houston, TX ",0,20,-18000.0,106377,1C1B1B,613,D6154C,http://pbs.twimg.com/profile_images/896562872070877184/fbU27OBj_normal.jpg,0,1,https://pbs.twimg.com/profile_banners/23374004/1490494020,http://pbs.twimg.com/profile_background_images/378800000067851146/b4bc2e8c1f17ec6376b9e609cfc7f98c.jpeg,_PanamaGold,en,1,1105,Stubbornista Loans,,Sun Mar 08 23:59:49 +0000 2009,0,0,0
43,1,2880075041,1,1,0,0,tx_secession,0,1,2017-09-29 19:19:12.393553,Eastern Time (US & Canada),Futurist,000000,000000,42,"Miami, FL",0,3,-14400.0,452,000000,181,4A913C,http://pbs.twimg.com/profile_images/844909116694937600/PKI9j--d_normal.jpg,0,1,https://pbs.twimg.com/profile_banners/2880075041/1440174541,http://abs.twimg.com/images/themes/theme1/bg.png,kevinontheweb,en,0,2934,Kevin Menendez,https://t.co/IfLFFUg7AQ,Sun Nov 16 21:17:20 +0000 2014,0,0,0
44,1,771819091728343041,1,1,0,0,tx_secession,0,1,2017-09-29 19:19:17.127451,,Trump supporter #MAGA #2A,DDEEF6,333333,61,"Texas, USA",0,1,,3331,F5F8FA,136,1DA1F2,http://pbs.twimg.com/profile_images/784714328054177792/N65GiJgf_normal.jpg,0,0,https://pbs.twimg.com/profile_banners/771819091728343041/1475925597,,ld50pan,en,0,3552,Ldog50pan,,Fri Sep 02 21:16:25 +0000 2016,0,0,1
45,1,743130621606715393,1,1,0,0,tx_secession,0,1,2017-09-29 19:19:31.090793,,"#TaxationIsTheft; Pro-Secession, Pro-Liberty, Paleolibertarian Southern Baptist #HeritageNotHate https://t.co/3qS4UvjwrN",000000,000000,83,"Rio Hondo, TX",0,5,,602,000000,194,C20100,http://pbs.twimg.com/profile_images/875445550908186624/BK4zMJOa_normal.jpg,0,0,https://pbs.twimg.com/profile_banners/743130621606715393/1501083121,http://abs.twimg.com/images/themes/theme1/bg.png,Texian1835,en,0,160,#HeritageNotHate,https://t.co/3qS4UvjwrN,Wed Jun 15 17:18:41 +0000 2016,0,0,0
46,1,2800771502,1,1,0,0,tx_secession,0,1,2017-09-29 19:19:36.175235,,"Bestselling Author, Renegade Capitalist, unapologetic Texas Patriot, Best Gov't is TINY Gov't, Tea Party, Technology CEO, Entrepreneur, Public Speaker.",000000,000000,55460,"Montgomery, Texas",0,77,,2259,000000,7164,3B94D9,http://pbs.twimg.com/profile_images/509495693463937024/GJ2gCt4y_normal.jpeg,0,1,https://pbs.twimg.com/profile_banners/2800771502/1427321412,http://abs.twimg.com/images/themes/theme1/bg.png,TexasAuthor,en,0,1511,David Thomas Roberts,https://t.co/POkZXTLBN9,Wed Sep 10 00:09:36 +0000 2014,0,0,0
47,1,2809449845,1,1,0,0,tx_secession,0,1,2017-09-29 19:19:40.705253,,"Naturalized Texan, seeing a free Republic of Texas in the near future. Married to a good woman. Father of 8, grandpa of 21...so far. Traditional Catholic.",DDEEF6,333333,85,"Texas, USA",0,0,,1211,C0DEED,200,1DA1F2,http://pbs.twimg.com/profile_images/775897808717000704/cDGSb0_O_normal.jpg,0,1,,http://abs.twimg.com/images/themes/theme1/bg.png,mikEmbry,en,0,3799,mikusembrionicus,,Mon Oct 06 02:29:37 +0000 2014,0,0,1
48,1,53803235,1,1,0,0,tx_secession,0,1,2017-09-29 19:19:45.546129,,Christian. Husband. Father. Patriotic Texan. Proud of all four.,DDEEF6,333333,219,"Texas, USA",0,6,,4762,C0DEED,443,1DA1F2,http://pbs.twimg.com/profile_images/710448913094828032/VELd9H4P_normal.jpg,0,0,https://pbs.twimg.com/profile_banners/53803235/1458237232,http://abs.twimg.com/images/themes/theme1/bg.png,tpaine1777,en,0,3239,Tom Paine,,Sun Jul 05 01:03:00 +0000 2009,0,0,1
49,1,170740915,1,1,0,0,tx_secession,0,1,2017-09-29 19:19:54.763951,Central Time (US & Canada),"Husband, Dad, grandparent, veteran. FOR Liberty, FOR Freedom, FOR Texas INDEPENDENCE.",DDEEF6,333333,472,,0,24,-18000.0,7841,C0DEED,947,1DA1F2,http://pbs.twimg.com/profile_images/549409698365968386/3W1SPfv1_normal.jpeg,0,1,,http://abs.twimg.com/images/themes/theme1/bg.png,jwr4570,en,0,1915,James W Rollins,,Sun Jul 25 16:49:25 +0000 2010,0,0,1
50,1,220417081,1,1,0,0,tx_secession,0,1,2017-09-29 19:20:07.709247,Central Time (US & Canada),"Above all else, I favor a Free and Independent Texas #TexasNationalist #Texit @TexasNatMov #2A @NRA #Patron #OpenCarry ŒºŒøŒª·ΩºŒΩ ŒªŒ±Œ≤Œ≠ NO LISTS!",DDEEF6,333333,2926,"HillCountry, Republic of Texas",0,117,-18000.0,61239,C0DEED,3129,1DA1F2,http://pbs.twimg.com/profile_images/378800000848837255/fc863860a62d208ed58a8db78751e594_normal.jpeg,0,0,https://pbs.twimg.com/profile_banners/220417081/1473776547,http://abs.twimg.com/images/themes/theme1/bg.png,gary_lankford,en,0,16063,Gary Lankford,https://t.co/G3udp2d2Hj,Sat Nov 27 18:36:35 +0000 2010,0,0,1
51,1,746381280208650240,1,1,0,0,tx_secession,0,1,2017-09-29 19:20:13.387892,,I am having fun with people who think the US Constitution is just paper. We're 50 States - 50 great United States. let's stay that way! (Parody account),DDEEF6,333333,77,"Texas, USA",0,1,,444,F5F8FA,10,1DA1F2,http://pbs.twimg.com/profile_images/746386341127151616/Tdua8eBO_normal.jpg,0,0,,,Texit2016,en,0,193,Texas Exit,https://t.co/oNFjJgZFFv,Fri Jun 24 16:35:39 +0000 2016,0,0,1
52,1,784729801441632256,1,1,0,0,tx_secession,0,1,2017-09-29 19:20:17.253659,,,DDEEF6,333333,5,,1,0,,150,F5F8FA,139,1DA1F2,http://abs.twimg.com/sticky/default_profile_images/default_profile_normal.png,0,0,,,Robbie650396961,en,0,19,Robbie,,Sat Oct 08 12:18:59 +0000 2016,0,0,1
53,1,2991847975,1,1,0,0,tx_secession,0,1,2017-09-29 19:20:28.752883,Central Time (US & Canada),"South African by birth, American by legal immigration, Texan by choice. Tarjan and Dijkstra already did that. Accurate with an AR. Delicate hands.",000000,000000,7225,Texas,0,189,-18000.0,122976,000000,1540,FFCC4D,http://pbs.twimg.com/profile_images/759150772705566721/leiHPGz8_normal.jpg,0,0,https://pbs.twimg.com/profile_banners/2991847975/1466885079,http://abs.twimg.com/images/themes/theme9/bg.gif,BrowningMachine,en,0,220682,TexitMachine,,Wed Jan 21 19:02:25 +0000 2015,0,0,0
54,1,801708240698572804,1,1,0,0,tx_secession,0,1,2017-09-29 19:20:33.448448,Central Time (US & Canada),Real news for real Texans. Get triggered!,000000,000000,147,Texas,0,0,-18000.0,182,000000,105,000000,http://pbs.twimg.com/profile_images/801712586651598848/oOkzwJmM_normal.jpg,0,0,https://pbs.twimg.com/profile_banners/801708240698572804/1479978173,http://abs.twimg.com/images/themes/theme1/bg.png,texianpartisan,en,0,1,Texian Partisan,https://t.co/6nBuqiNFXk,Thu Nov 24 08:45:14 +0000 2016,0,0,0
55,1,2365457128,1,1,0,0,tx_secession,0,1,2017-09-29 19:21:29.348142,,,DDEEF6,333333,40,,0,1,,4510,C0DEED,27,1DA1F2,http://pbs.twimg.com/profile_images/438388526581702656/5n6j1bbu_normal.jpeg,0,1,https://pbs.twimg.com/profile_banners/2365457128/1393354940,http://abs.twimg.com/images/themes/theme1/bg.png,RCC_JDGIV,en,0,1,J D Guthrie IV,,Tue Feb 25 18:54:42 +0000 2014,0,0,1
56,1,617704944,1,1,0,0,tx_secession,0,1,2017-09-29 19:21:54.937575,Pacific Time (US & Canada),Ret writer/editor #CTOT #TGDN #TGDNTEXAS Follow Back Patriots | RT does NOT = agree | American by birth #Texan by Grace of God #MAGA,DDEEF6,333333,9982,"Texas, Best Country in USA",0,173,-25200.0,84394,070773,10835,D02B55,http://pbs.twimg.com/profile_images/799293448708882432/PRQJJ_eH_normal.jpg,0,1,https://pbs.twimg.com/profile_banners/617704944/1357982497,http://pbs.twimg.com/profile_background_images/687558488/e2cb595749adfc37845fc708f745d87d.jpeg,LoriLandRich,en,1,27196,Republic Of Loriland,,Mon Jun 25 00:51:01 +0000 2012,0,0,0
57,1,57919497,1,1,0,0,tx_secession,0,1,2017-09-29 19:22:10.153060,America/New_York,"Former Fan Fiction writer, still an entertainment junkie and still an avid reader!",F3F3F3,333333,37,"Florida, USA",0,0,-14400.0,732,EBEBEB,104,990000,http://pbs.twimg.com/profile_images/1588757851/primcosmo_normal,0,0,https://pbs.twimg.com/profile_banners/57919497/1416090735,http://abs.twimg.com/images/themes/theme7/bg.gif,PC_andrews,en,0,1300,PC Andrewsüç∏,http://t.co/hzTO36YMDu,Sat Jul 18 12:17:32 +0000 2009,0,0,0
58,1,145676421,1,1,0,0,tx_secession,0,1,2017-09-29 19:23:01.849707,Central Time (US & Canada),"Retired railroader. former Republican & Viet Nam era veteran, 3rd Great Grandfather fought at San Jacinto, support #TEXIT",DAECF4,663B12,446,√úT: 35.037248-100.918865,0,34,-18000.0,122847,C6E2EE,539,89C9FA,http://pbs.twimg.com/profile_images/378800000222173347/284da1346f1435b12e4193092f960789_normal.jpeg,0,1,https://pbs.twimg.com/profile_banners/145676421/1451837346,http://abs.twimg.com/images/themes/theme2/bg.gif,kblast523,en,0,119,K B Eric Riddle,,Wed May 19 15:50:21 +0000 2010,0,0,0
59,1,3839238625,1,1,0,0,tx_secession,0,1,2017-09-29 19:23:07.293059,,"Gen-X American of Mexican descent born and raised in a Christian conservative, military family #2A #ProLife #NoAmnesty #Texit #COSProject #NeverRINO #NeverTrump",DDFFCC,333333,4609,"Corpus Christi, TX",0,35,,216,9AE4E8,4192,0084B4,http://pbs.twimg.com/profile_images/796400146552483840/wOxLRV4y_normal.jpg,0,0,https://pbs.twimg.com/profile_banners/3839238625/1478711672,http://abs.twimg.com/images/themes/theme16/bg.gif,PedroLomax,en,0,12,Pedro Lomax (((‚úü))),https://t.co/P9LmHf8TTO,Fri Oct 09 18:43:41 +0000 2015,0,0,0
60,1,55323232,1,1,0,0,tx_secession,0,1,2017-09-29 19:23:23.174120,Central Time (US & Canada),"liberal:1-possessing or manifesting a free&generous heart,2-fitting for a broad&enlightened mind,3-free from narrowness,bigotry or bondage to authority or creed",272929,82807F,82,,0,5,-18000.0,3263,C6E2EE,367,000000,http://pbs.twimg.com/profile_images/305851483/bearhuntng_normal.jpg,0,0,,http://pbs.twimg.com/profile_background_images/22492215/twitter_bg_op.jpg,huntergreen11,en,0,142,hunter green,,Thu Jul 09 18:48:40 +0000 2009,0,0,0
61,1,1036089637,1,1,0,0,tx_secession,0,1,2017-09-29 19:23:35.238181,,I am just another individual trying to make the world a better place by spreading new ideas,DDEEF6,333333,48,texas,0,0,,2478,C0DEED,110,1DA1F2,http://pbs.twimg.com/profile_images/378800000320982477/8ce6f8863bded319f4f2814e194485dd_normal.jpeg,0,0,https://pbs.twimg.com/profile_banners/1036089637/1376874665,http://abs.twimg.com/images/themes/theme1/bg.png,FrankieNIeto3,en,0,261,Frankie Nieto,,Wed Dec 26 02:12:52 +0000 2012,0,0,1
62,1,53079577,1,1,0,0,tx_secession,0,1,2017-09-29 19:24:06.011346,Central Time (US & Canada),"A decentrist, pro-free speech conservative who tweets about #devolution, blue/red divisions, #society, #religion, #culture and #tech.",A0C5C7,333333,2229,"Auburn, Alabama",0,226,-18000.0,5094,02242E,2236,DD2E44,http://pbs.twimg.com/profile_images/651782275726598146/DkrRuFXs_normal.jpg,0,1,https://pbs.twimg.com/profile_banners/53079577/1481413709,http://abs.twimg.com/images/themes/theme15/bg.png,AlabamaRedTory,en,0,266,Jim Langcuster,https://t.co/5Lfkcf4BXC,Thu Jul 02 14:38:21 +0000 2009,0,0,0
63,1,747173987470442496,1,1,0,0,tx_secession,0,1,2017-09-29 19:24:13.188143,,Thriving in the ways of the Wolf in the Lyciian religion,000000,000000,787,Around,0,7,,3591,000000,1480,1B95E0,http://pbs.twimg.com/profile_images/794602533905989632/kqgfPptZ_normal.jpg,0,0,https://pbs.twimg.com/profile_banners/747173987470442496/1478374025,http://abs.twimg.com/images/themes/theme1/bg.png,JohnDuBose6,en,0,140,Matchitehew,,Sun Jun 26 21:05:35 +0000 2016,0,0,0
64,1,3102713341,1,1,0,0,tx_secession,0,1,2017-09-29 19:24:18.375504,Pacific Time (US & Canada),"I'd rather die on my feet, than live on my knees. - Emiliano Zapata",DDEEF6,333333,291,Utopia of Greed ,0,3,-25200.0,2169,C0DEED,280,1DA1F2,http://pbs.twimg.com/profile_images/874026554325643265/rxlW8Xej_normal.jpg,0,0,https://pbs.twimg.com/profile_banners/3102713341/1458400421,http://abs.twimg.com/images/themes/theme1/bg.png,moraltreason,en,0,2693,Francisco d'Anconia,,Sun Mar 22 06:02:54 +0000 2015,0,0,1
65,1,2234711,1,1,0,0,tx_secession,0,1,2017-09-29 19:24:23.019843,Central Time (US & Canada),Angry American |  Rabble-rouser | Cage-rattler | Nationalist | Truther | Renaissance man | #AltRight | #EndTheFed and stop #WhiteGenocide. ‚öîÔ∏èüê∏üè∞Û†ÅµÛ†Å≥Û†Å¥Û†Å∏Û†Åøüá∫üá∏,DBDBDB,000000,4129,"Secluded cement bunker, TX.",0,263,-18000.0,46252,FFFFFF,3545,3B94D9,http://pbs.twimg.com/profile_images/797470231820017664/sKwrq1UD_normal.jpg,0,0,https://pbs.twimg.com/profile_banners/2234711/1478969400,http://pbs.twimg.com/profile_background_images/523122/glass_hammer2.jpg,Foehammer,en,1,13654,Foehammerüõ°Ô∏è,https://t.co/PK8rJLWwWQ,Mon Mar 26 01:42:10 +0000 2007,0,0,0
66,1,823981726548553729,1,1,0,0,tx_secession,0,1,2017-09-29 19:24:27.169686,Eastern Time (US & Canada),"Paleolibertarian/#OldRight
#LessMarxMoreMises",000000,000000,141,United Empire of America,0,2,-14400.0,175,000000,151,ABB8C2,http://pbs.twimg.com/profile_images/908029719223742464/0fq6CYnK_normal.jpg,0,0,https://pbs.twimg.com/profile_banners/823981726548553729/1502066191,http://abs.twimg.com/images/themes/theme1/bg.png,Haas4Liberty,en,0,425,Jacob Haas,,Tue Jan 24 19:52:07 +0000 2017,0,0,0
67,1,736164559979847683,1,1,0,0,tx_secession,0,1,2017-09-29 19:24:35.040265,,"Just pointless ramblin's from a dumb, poor, southern, trailer park boy.",000000,000000,60,"Weatherford, TX",0,3,,2696,000000,215,1B95E0,http://pbs.twimg.com/profile_images/906838491623026688/0FdYOvoH_normal.jpg,0,0,https://pbs.twimg.com/profile_banners/736164559979847683/1499730445,http://abs.twimg.com/images/themes/theme1/bg.png,EdgyHoodlum,en,0,1557,üÉèJohnnyHernandezüÉè,,Fri May 27 11:58:03 +0000 2016,0,0,0
68,1,872323732437684224,1,1,0,0,tx_secession,0,1,2017-09-29 19:24:43.797322,,"Conservative native Texan of Cuban descent. I've been ""accused"" of being @TedCruz! #GodBlessTexas #GodBlessAmerica #PrayForCuba",000000,000000,61,Republic of Texas,0,2,,2564,000000,157,E81C4F,http://pbs.twimg.com/profile_images/875496525824217088/2t2b-qCS_normal.jpg,0,1,https://pbs.twimg.com/profile_banners/872323732437684224/1496813990,http://abs.twimg.com/images/themes/theme1/bg.png,CubaTexas,en,0,1333,CubanTexan,,Wed Jun 07 05:25:59 +0000 2017,0,0,0
